group,predictor,n,rho_full,loo_min,loo_max,max_swing,most_influential_mutation,rho_without_most_influential,sign_flips
ABL1,ESM-1b,9,0.2333333333333333,-0.09523809523809526,0.5000000000000001,0.32857142857142857,F317I,-0.09523809523809526,1
ABL1,ESM-2 (150M),9,-0.16666666666666669,-0.4047619047619048,0.19047619047619052,0.3571428571428572,M351T,0.19047619047619052,2
ABL1,ESM-2 (650M),9,-0.25,-0.4285714285714286,0.07142857142857144,0.32142857142857145,M351T,0.07142857142857144,1
ABL1,ESM-2 (3B),9,-0.3666666666666667,-0.5476190476190477,-0.09523809523809526,0.27142857142857146,M351T,-0.09523809523809526,0
ABL1,BLOSUM62,9,-0.1538967528127731,-0.4664771853332245,0.08593000782454138,0.3125804325204514,G250E,-0.4664771853332245,1
ABL1,Dist. to inhibitor,9,0.401677156202747,0.19162020190612145,0.7065994945288229,0.30492233832607585,G250E,0.7065994945288229,0
ABL1,Dist. to ATP pocket,9,0.5523060897787772,0.38095238095238104,0.8982196964349441,0.345913606656167,G250E,0.8982196964349441,0
EGFR,ESM-1b,6,-0.5428571428571429,-0.7999999999999999,-0.3,0.257142857142857,L861Q,-0.7999999999999999,0
EGFR,ESM-2 (150M),6,-0.942857142857143,-0.9999999999999999,-0.8999999999999998,0.05714285714285694,T790M | L858R,-0.9999999999999999,0
EGFR,ESM-2 (650M),6,-0.6571428571428573,-0.7,-0.6,0.05714285714285727,C797S | L858R+T790M,-0.6,0
EGFR,ESM-2 (3B),6,-0.6,-0.6,-0.49999999999999994,0.10000000000000003,C797S | L858R+T790M,-0.49999999999999994,0
EGFR,BLOSUM62,6,-0.5002164033860248,-0.7905694150420949,-0.2635231383473649,0.2903530116560701,G719S,-0.7905694150420949,0
EGFR,Dist. to inhibitor,6,0.5797710356524485,0.35909242322980395,0.8720815992723809,0.29231056361993246,L861Q,0.8720815992723809,0
EGFR,Dist. to ATP pocket,6,-0.05797710356524484,-0.35909242322980395,0.6668859288553503,0.7248630324205951,L858R | WT,0.6668859288553503,1
Combined,ESM-1b,15,-0.12142857142857141,-0.3802197802197802,-0.015384615384615385,0.25879120879120876,F317I,-0.3802197802197802,0
Combined,ESM-2 (150M),15,-0.4964285714285714,-0.6131868131868132,-0.3802197802197802,0.11675824175824184,H396P,-0.6131868131868132,0
Combined,ESM-2 (650M),15,-0.475,-0.5736263736263736,-0.3626373626373627,0.1123626373626373,G719C,-0.3626373626373627,0
Combined,ESM-2 (3B),15,-0.5142857142857142,-0.6175824175824175,-0.42857142857142855,0.10329670329670326,H396P,-0.6175824175824175,0
Combined,BLOSUM62,15,-0.3873026843080709,-0.5464759233770784,-0.2524194496054295,0.1591732390690075,G250E,-0.5464759233770784,0
Combined,Dist. to inhibitor,15,0.4400722605096191,0.35462641092113434,0.5947150990602874,0.1546428385506683,G250E,0.5947150990602874,0
Combined,Dist. to ATP pocket,15,0.3971383814355099,0.26182634105493185,0.6167415842106685,0.2196032027751586,G250E,0.6167415842106685,0
