kinase,mutation,matched_pairs,median_delta_p,esm1b_score,esm2_150M_score,esm2_650M_score,esm2_3B_score,reliable,wt_aa,pos,mut_aa,background,blosum62,distance_to_inhibitor,distance_to_atp_pocket,matched_pairs_strict,n_document_pairs_strict,median_delta_p_strict,reliable_strict
ABL1,M244V,3,0.022878745280337398,-14.310371881721949,0.23676371574401855,0.24593305587768555,-0.5390625,False,M,244,V,WT,1.0,9.346449,6.4099736,3,3,-0.08804562952784067,False
ABL1,G250E,24,-0.5969545785877495,-11.086119178449735,3.344889998435974,2.2935121059417725,0.21875,True,G,250,E,WT,-2.0,8.9068,12.183207,22,25,-0.6191620401805653,True
ABL1,Y253F,73,0.0015500415160154546,-8.700402750822832,2.9982261061668396,4.438766418024898,5.573371887207031,True,Y,253,F,WT,3.0,3.5636933,6.0545645,66,98,0.007915505806795231,True
ABL1,Y253H,2,-0.6661985965812898,-14.214235796782305,-4.489681005477905,-4.522540092468262,-5.2578125,False,Y,253,H,WT,2.0,3.5636933,6.0545645,2,2,-0.8949458991542025,False
ABL1,E255K,69,-0.3206457622810053,-8.564617440104485,-3.6182861328125,-5.198634386062622,-7.7332763671875,True,E,255,K,WT,1.0,6.9622154,3.6351564,65,91,-0.29291210544180135,True
ABL1,E255V,4,-0.5086582753777327,-7.067178055644035,-2.9080424308776855,-3.4253125190734863,-6.2176513671875,False,E,255,V,WT,-2.0,6.9622154,3.6351564,3,3,-1.106062081036054,False
ABL1,T315I,318,-0.33689384668806666,-11.018345128162764,-2.7699058055877686,-3.544309675693512,-2.92724609375,True,T,315,I,WT,-1.0,2.8831885,6.1294155,124,167,-0.16829787906154658,True
ABL1,M351T,70,0.15968861138053647,-10.588257215291378,-7.159860782325268,-6.74001869559288,-8.716812133789062,True,M,351,T,WT,-1.0,8.317856,9.330582,62,94,0.13680354808412676,True
ABL1,F359V,3,-0.5300936029916583,-8.260498762130737,-0.039597272872924805,-1.9643758535385132,-1.748046875,False,F,359,V,WT,-1.0,4.0820193,8.087451,3,3,-0.8510305406565806,False
ABL1,F317L,47,-0.14071721980030016,-9.829840104212053,0.3704948425292969,1.6738615036010742,0.3125,True,F,317,L,WT,0.0,3.3268902,1.3287144,45,47,-0.37274106681513786,True
ABL1,F317I,44,-0.7560294968340053,-15.818004052271135,-3.167570948600769,-3.1989922523498535,-2.76953125,True,F,317,I,WT,0.0,3.3268902,1.3287144,43,44,-0.8753827249470056,True
ABL1,H396P,76,0.20728490233768682,-11.269466922618449,1.541893720626831,1.0038690567016602,-1.83203125,True,H,396,P,WT,-2.0,15.543195,16.24438,66,97,0.11816894005090539,True
ABL1,Q252H,75,0.08863748704206653,-9.331422058487078,-0.7373867034912109,-1.7395711541175842,-3.261474609375,True,Q,252,H,WT,0.0,6.898435,10.159106,67,98,0.06851361810801926,True
EGFR,L858R | WT,572,0.19742807776051174,-11.646131292858627,-10.838560722768307,-9.993481600075029,-10.892189025878906,True,L,858,R,WT,-2.0,11.435817,4.774926,395,487,0.38400423072874545,True
EGFR,T790M | L858R,428,-0.1812008416465245,-9.510341831948608,-3.0719084441661835,-8.03439187258482,-9.241750001907349,True,T,790,M,L858R,-1.0,3.9808645,5.5783334,405,474,-0.134698573897456,True
EGFR,C797S | L858R+T790M,113,-0.0365938022764567,-5.732671984471381,-0.18006378412246704,-3.6258792020380497,-6.040552139282227,True,C,797,S,L858R+T790M,-1.0,3.1265373,5.8829064,92,115,-0.1305054189537378,True
EGFR,L861Q,79,-0.040418244023568306,-13.348536170669831,-4.009334921836853,-6.801825546193868,-8.72207260131836,True,L,861,Q,WT,-2.0,19.285433,10.054699,41,55,-0.012777052236193853,True
EGFR,G719C,37,0.23140689483989263,-12.356415408328758,-8.90522478055209,-11.950800578546477,-13.023422837257385,True,G,719,C,WT,-3.0,4.0807447,7.7346144,33,48,0.17687941094715587,True
EGFR,G719S,34,0.0807662694423783,-10.502083438113914,-5.587882976047695,-10.219854991388274,-13.593735337257385,True,G,719,S,WT,0.0,4.0807447,7.7346144,33,48,0.032115428948568336,True
